{"cameraMode":{"drawMode":0,"name":"Shaded","section":"Shading Mode"},"sceneLighting":true,"audioPlay":false,"sceneViewState":{"m_AlwaysRefresh":false,"showFog":true,"showSkybox":true,"showFlares":true,"showImageEffects":true,"showParticleSystems":true,"showVisualEffectGraphs":true,"m_FxEnabled":true},"in2DMode":false,"pivot":{"x":-2.4524755477905275,"y":9.838796615600586,"z":-12.518187522888184},"rotation":{"x":-0.30023428797721865,"y":-0.18141412734985352,"z":0.058306824415922168,"w":-0.9346846342086792},"size":0.8660253882408142,"orthographic":false}